model,accuracy,precision,recall,f1,params,model_size_mb_est,train_time_s,infer_time_s,checkpoint_size_mb
MLP,0.85,0.8656716417910447,0.90625,0.8854961832061069,20802,0.07935333251953125,5.058966409000277,0.09710534300029394,0.26691246032714844
RNN_LSTM,0.74,0.7878787878787878,0.8125,0.8,30434,0.11609649658203125,16.28026796999984,0.46006999500059464,0.38663482666015625
CNN1D,0.64,0.64,1.0,0.7804878048780488,14786,0.05640411376953125,2.6195013130000007,0.1283963270016102,0.20562267303466797
